Datum;Pocet.potvrdenych.PCR.testami;Dennych.PCR.testov;Dennych.PCR.prirastkov;Pocet.umrti;AgTests;AgPosit;Pocet.hospitalizovanych
06.03.2020;1;378;1;0;NaN;NaN;1
07.03.2020;3;66;2;0;NaN;NaN;2
08.03.2020;5;76;2;0;NaN;NaN;5
09.03.2020;7;69;2;0;NaN;NaN;5
10.03.2020;7;111;0;0;NaN;NaN;7
11.03.2020;10;97;3;0;NaN;NaN;7
12.03.2020;21;95;11;0;NaN;NaN;8
13.03.2020;32;58;11;0;NaN;NaN;11
14.03.2020;44;197;12;0;NaN;NaN;14
15.03.2020;61;289;17;0;NaN;NaN;21
16.03.2020;72;159;11;0;NaN;NaN;26
17.03.2020;96;318;24;0;NaN;NaN;25
18.03.2020;104;225;8;0;NaN;NaN;26
19.03.2020;123;301;19;0;NaN;NaN;26
20.03.2020;137;368;14;0;NaN;NaN;27
21.03.2020;178;440;41;0;NaN;NaN;29
22.03.2020;185;242;7;0;NaN;NaN;36
23.03.2020;204;451;19;0;NaN;NaN;31
24.03.2020;216;476;12;0;NaN;NaN;28
25.03.2020;226;335;10;0;NaN;NaN;27
26.03.2020;269;913;43;0;NaN;NaN;26
27.03.2020;292;747;23;0;NaN;NaN;33
28.03.2020;314;720;22;0;NaN;NaN;34
29.03.2020;336;401;22;0;NaN;NaN;35
30.03.2020;363;688;27;1;NaN;NaN;33
31.03.2020;400;877;37;1;NaN;NaN;31
01.04.2020;426;1191;26;1;NaN;NaN;34
02.04.2020;450;1454;24;1;NaN;NaN;39
03.04.2020;471;1889;21;1;NaN;NaN;35
04.04.2020;485;1524;14;1;NaN;NaN;38
05.04.2020;534;1036;49;2;NaN;NaN;37
06.04.2020;581;1448;47;2;NaN;NaN;38
07.04.2020;682;2042;101;2;NaN;NaN;43
08.04.2020;701;1690;19;2;NaN;NaN;43
09.04.2020;715;2301;14;2;NaN;NaN;44
10.04.2020;728;2174;13;2;NaN;NaN;47
11.04.2020;742;1580;14;2;NaN;NaN;50
12.04.2020;769;1324;27;2;NaN;NaN;52
13.04.2020;835;1302;66;2;NaN;NaN;58
14.04.2020;863;1439;28;6;NaN;NaN;60
15.04.2020;977;2967;114;8;NaN;NaN;62
16.04.2020;1049;3351;72;9;NaN;NaN;65
17.04.2020;1089;3144;40;11;NaN;NaN;65
18.04.2020;1161;3323;72;12;NaN;NaN;65
19.04.2020;1173;2458;12;13;NaN;NaN;67
20.04.2020;1199;2694;26;14;NaN;NaN;60
21.04.2020;1244;3468;45;14;NaN;NaN;58
22.04.2020;1325;4525;81;15;NaN;NaN;55
23.04.2020;1360;3840;35;17;NaN;NaN;60
24.04.2020;1373;4828;13;17;NaN;NaN;54
25.04.2020;1379;4839;6;18;NaN;NaN;51
26.04.2020;1381;3171;2;18;NaN;NaN;52
27.04.2020;1384;1767;3;20;NaN;NaN;50
28.04.2020;1391;5472;7;21;NaN;NaN;43
29.04.2020;1396;4584;5;23;NaN;NaN;42
30.04.2020;1403;5150;7;23;NaN;NaN;38
01.05.2020;1407;3698;4;24;NaN;NaN;36
02.05.2020;1408;1450;1;24;NaN;NaN;37
03.05.2020;1413;1584;5;25;NaN;NaN;35
04.05.2020;1421;2060;8;25;NaN;NaN;31
05.05.2020;1429;4742;8;25;NaN;NaN;29
06.05.2020;1445;5161;16;26;NaN;NaN;24
07.05.2020;1455;4694;10;26;NaN;NaN;24
08.05.2020;1455;3910;0;26;NaN;NaN;21
09.05.2020;1457;1488;2;26;NaN;NaN;21
10.05.2020;1457;786;0;26;NaN;NaN;21
11.05.2020;1465;2063;8;27;NaN;NaN;19
12.05.2020;1469;4326;4;27;NaN;NaN;17
13.05.2020;1477;4876;8;27;NaN;NaN;16
14.05.2020;1480;3992;3;27;NaN;NaN;17
15.05.2020;1493;4084;13;28;NaN;NaN;15
16.05.2020;1494;2476;1;28;NaN;NaN;16
17.05.2020;1495;971;1;28;NaN;NaN;17
18.05.2020;1495;2041;0;28;NaN;NaN;15
19.05.2020;1496;3371;1;28;NaN;NaN;14
20.05.2020;1502;2933;6;28;NaN;NaN;13
21.05.2020;1503;2751;1;28;NaN;NaN;12
22.05.2020;1504;2236;1;28;NaN;NaN;11
23.05.2020;1509;1649;5;28;NaN;NaN;11
24.05.2020;1511;645;2;28;NaN;NaN;11
25.05.2020;1513;1464;2;28;NaN;NaN;8
26.05.2020;1515;2839;2;28;NaN;NaN;8
27.05.2020;1520;2352;5;28;NaN;NaN;7
28.05.2020;1520;1848;0;28;NaN;NaN;6
29.05.2020;1521;3433;1;28;NaN;NaN;5
30.05.2020;1521;1606;0;28;NaN;NaN;5
31.05.2020;1522;274;1;28;NaN;NaN;5
01.06.2020;1522;6418;0;28;NaN;NaN;4
02.06.2020;1525;2336;3;28;NaN;NaN;4
03.06.2020;1526;2135;1;28;NaN;NaN;4
04.06.2020;1526;1832;0;28;NaN;NaN;4
05.06.2020;1528;2639;2;28;NaN;NaN;3
06.06.2020;1528;1180;0;28;NaN;NaN;3
07.06.2020;1530;160;2;28;NaN;NaN;3
08.06.2020;1531;851;1;28;NaN;NaN;NaN
09.06.2020;1533;1545;2;28;NaN;NaN;NaN
10.06.2020;1541;1500;8;28;NaN;NaN;NaN
11.06.2020;1542;1262;1;28;NaN;NaN;2
12.06.2020;1545;1511;3;28;NaN;NaN;2
13.06.2020;1548;479;3;28;NaN;NaN;2
14.06.2020;1552;47;4;28;NaN;NaN;2
15.06.2020;1552;847;0;28;NaN;NaN;2
16.06.2020;1561;1163;9;28;NaN;NaN;1
17.06.2020;1562;787;1;28;NaN;NaN;1
18.06.2020;1576;806;14;28;NaN;NaN;3
19.06.2020;1586;1278;10;28;NaN;NaN;2
20.06.2020;1587;301;1;28;NaN;NaN;1
21.06.2020;1588;41;1;28;NaN;NaN;2
22.06.2020;1589;661;1;28;NaN;NaN;3
23.06.2020;1607;1257;18;28;NaN;NaN;4
24.06.2020;1630;936;23;28;NaN;NaN;5
25.06.2020;1643;1515;13;28;NaN;NaN;5
26.06.2020;1657;1611;14;28;NaN;NaN;6
27.06.2020;1664;931;7;28;NaN;NaN;4
28.06.2020;1665;62;1;28;NaN;NaN;4
29.06.2020;1667;784;2;28;NaN;NaN;3
30.06.2020;1687;2063;20;28;NaN;NaN;3
01.07.2020;1700;1708;13;28;NaN;NaN;4
02.07.2020;1720;1801;20;28;NaN;NaN;5
03.07.2020;1749;2216;29;28;NaN;NaN;6
04.07.2020;1764;808;15;28;NaN;NaN;7
05.07.2020;1765;50;1;28;NaN;NaN;7
06.07.2020;1767;873;2;28;NaN;NaN;9
07.07.2020;1798;2225;31;28;NaN;NaN;9
08.07.2020;1851;2284;53;28;NaN;NaN;12
09.07.2020;1870;2172;19;28;NaN;NaN;13
10.07.2020;1893;2879;23;28;NaN;NaN;13
11.07.2020;1901;960;8;28;NaN;NaN;13
12.07.2020;1902;279;1;28;NaN;NaN;14
13.07.2020;1908;1163;6;28;NaN;NaN;15
14.07.2020;1927;2205;19;28;NaN;NaN;14
15.07.2020;1951;2336;24;28;NaN;NaN;15
16.07.2020;1965;1862;14;28;NaN;NaN;15
17.07.2020;1976;2161;11;28;NaN;NaN;14
18.07.2020;1979;410;3;28;NaN;NaN;14
19.07.2020;1980;24;1;28;NaN;NaN;15
20.07.2020;2021;3333;41;28;NaN;NaN;15
21.07.2020;2058;2571;37;28;NaN;NaN;17
22.07.2020;2089;2251;31;28;NaN;NaN;17
23.07.2020;2118;2049;29;28;NaN;NaN;18
24.07.2020;2141;2275;23;28;NaN;NaN;21
25.07.2020;2179;767;38;28;NaN;NaN;24
26.07.2020;2181;216;2;28;NaN;NaN;24
27.07.2020;2204;1548;23;28;NaN;NaN;33
28.07.2020;2245;2296;41;28;NaN;NaN;42
29.07.2020;2265;1851;20;28;NaN;NaN;42
30.07.2020;2292;2176;27;29;NaN;NaN;54
31.07.2020;2337;2884;45;29;NaN;NaN;68
01.08.2020;2344;585;7;29;NaN;NaN;63
02.08.2020;2354;766;10;29;NaN;NaN;65
03.08.2020;2368;1320;14;29;NaN;NaN;67
04.08.2020;2417;2538;49;29;NaN;NaN;72
05.08.2020;2480;2667;63;29;NaN;NaN;73
06.08.2020;2523;2473;43;31;NaN;NaN;75
07.08.2020;2566;3099;43;31;NaN;NaN;62
08.08.2020;2596;1068;30;31;NaN;NaN;60
09.08.2020;2599;564;3;31;NaN;NaN;68
10.08.2020;2615;1454;16;31;NaN;NaN;58
11.08.2020;2690;3131;75;31;NaN;NaN;65
12.08.2020;2739;2741;49;31;NaN;NaN;71
13.08.2020;2801;2738;62;31;NaN;NaN;74
14.08.2020;2855;3235;54;31;NaN;NaN;83
15.08.2020;2902;2013;47;31;NaN;NaN;85
16.08.2020;2907;481;5;31;NaN;NaN;86
17.08.2020;2922;1583;15;31;NaN;NaN;89
18.08.2020;3022;3684;100;33;NaN;NaN;86
19.08.2020;3102;3435;80;33;NaN;NaN;91
20.08.2020;3225;3245;123;33;NaN;NaN;70
21.08.2020;3316;3833;91;33;NaN;NaN;57
22.08.2020;3356;1723;40;33;NaN;NaN;58
23.08.2020;3424;929;68;33;NaN;NaN;59
24.08.2020;3452;2103;28;33;NaN;NaN;65
25.08.2020;3536;4090;84;33;NaN;NaN;68
26.08.2020;3626;3636;90;33;NaN;NaN;60
27.08.2020;3728;4360;102;33;NaN;NaN;68
28.08.2020;3842;4453;114;33;NaN;NaN;76
29.08.2020;3876;1951;34;33;NaN;NaN;80
30.08.2020;3917;588;41;33;NaN;NaN;83
31.08.2020;3989;2763;72;33;NaN;NaN;82
01.09.2020;4042;2428;53;33;NaN;NaN;85
02.09.2020;4163;3519;121;37;NaN;NaN;81
03.09.2020;4300;4772;137;37;NaN;NaN;91
04.09.2020;4526;5947;226;37;NaN;NaN;90
05.09.2020;4614;2462;88;37;NaN;NaN;103
06.09.2020;4636;922;22;37;NaN;NaN;109
07.09.2020;4727;2891;91;37;NaN;NaN;112
08.09.2020;4888;5309;161;37;NaN;NaN;115
09.09.2020;5066;5021;178;37;NaN;NaN;121
10.09.2020;5252;4266;186;37;NaN;NaN;126
11.09.2020;5453;6191;201;38;NaN;NaN;119
12.09.2020;5532;3080;79;38;NaN;NaN;125
13.09.2020;5580;1425;48;38;NaN;NaN;135
14.09.2020;5768;4323;188;38;NaN;NaN;137
15.09.2020;5860;3235;92;38;NaN;NaN;145
16.09.2020;6021;4027;161;39;NaN;NaN;154
17.09.2020;6256;5542;235;39;NaN;NaN;147
18.09.2020;6546;5750;290;39;NaN;NaN;162
19.09.2020;6677;3443;131;39;NaN;NaN;164
20.09.2020;6756;1952;79;39;NaN;NaN;179
21.09.2020;6931;2664;175;40;NaN;NaN;185
22.09.2020;7269;6231;338;41;NaN;NaN;205
23.09.2020;7629;5213;360;41;NaN;NaN;220
24.09.2020;8048;5540;419;41;NaN;NaN;243
25.09.2020;8600;6483;552;44;NaN;NaN;254
26.09.2020;9078;5655;478;44;NaN;NaN;273
27.09.2020;9343;1954;265;44;NaN;NaN;288
28.09.2020;9574;2561;231;45;NaN;NaN;306
29.09.2020;10141;7350;567;48;NaN;NaN;311
30.09.2020;10938;9170;797;48;NaN;NaN;325
01.10.2020;11617;7824;679;54;NaN;NaN;336
02.10.2020;12321;9492;704;54;NaN;NaN;366
03.10.2020;13139;8565;818;55;NaN;NaN;398
04.10.2020;13492;3382;353;55;NaN;NaN;414
05.10.2020;13812;3750;320;55;NaN;NaN;432
06.10.2020;14689;8679;877;55;NaN;NaN;450
07.10.2020;15726;9518;1037;57;NaN;NaN;472
08.10.2020;16910;10136;1184;57;NaN;NaN;505
09.10.2020;18797;11123;1887;61;NaN;NaN;495
10.10.2020;19851;8959;1054;61;NaN;NaN;526
11.10.2020;20355;3998;504;61;NaN;NaN;554
12.10.2020;20886;5058;531;61;NaN;NaN;603
13.10.2020;22296;10228;1410;66;NaN;NaN;623
14.10.2020;24225;12502;1929;71;NaN;NaN;656
15.10.2020;26300;14010;2075;71;NaN;NaN;716
16.10.2020;28268;11904;1968;82;NaN;NaN;748
17.10.2020;29835;10858;1567;88;NaN;NaN;801
18.10.2020;30695;5025;860;92;NaN;NaN;855
19.10.2020;31400;5946;705;98;NaN;NaN;927
20.10.2020;33602;13832;2202;98;NaN;NaN;976
21.10.2020;35330;9365;1728;115;NaN;NaN;1039
22.10.2020;37911;13369;2581;134;NaN;NaN;1081
23.10.2020;40801;13525;2890;159;NaN;NaN;1139
24.10.2020;43843;16048;3042;159;NaN;NaN;1197
25.10.2020;45155;6175;1312;165;NaN;NaN;1310
26.10.2020;46056;5899;901;176;NaN;NaN;1366
27.10.2020;48943;14642;2887;184;NaN;NaN;1399
28.10.2020;51728;14355;2785;200;NaN;NaN;1445
29.10.2020;55091;16556;3363;212;NaN;NaN;1453
30.10.2020;57664;18074;2573;219;NaN;NaN;1367
31.10.2020;59946;21949;2282;219;NaN;NaN;1405
01.11.2020;61829;21477;1883;219;NaN;NaN;1453
02.11.2020;63556;18994;1727;235;NaN;NaN;1503
03.11.2020;66772;13377;3216;261;NaN;NaN;1434
04.11.2020;68734;12864;1962;286;NaN;NaN;1458
05.11.2020;71088;11615;2354;317;NaN;NaN;1488
06.11.2020;73667;15767;2579;351;NaN;NaN;1511
07.11.2020;75495;15466;1828;351;NaN;NaN;1573
08.11.2020;76072;4956;577;366;NaN;NaN;1634
09.11.2020;77123;6813;1051;390;NaN;NaN;1595
10.11.2020;79181;12891;2058;414;NaN;NaN;1582
11.11.2020;81772;12584;2591;464;NaN;NaN;1525
12.11.2020;83796;10736;2024;491;NaN;NaN;1515
13.11.2020;85567;10742;1771;510;NaN;NaN;1431
14.11.2020;86767;6545;1200;510;NaN;NaN;1462
15.11.2020;87276;1771;509;526;NaN;NaN;1484
16.11.2020;88602;7837;1326;557;NaN;NaN;1509
17.11.2020;89913;5833;1311;579;NaN;NaN;1517
18.11.2020;91578;7913;1665;579;NaN;NaN;1499
19.11.2020;93396;9836;1818;614;NaN;NaN;1475
20.11.2020;95257;10554;1861;644;NaN;NaN;1433
21.11.2020;96241;5691;984;671;NaN;NaN;1447
22.11.2020;96472;1773;231;693;NaN;NaN;1485
23.11.2020;97493;6545;1021;709;NaN;NaN;1486
24.11.2020;99304;10145;1811;732;NaN;NaN;1492
25.11.2020;101257;10723;1953;749;NaN;NaN;1497
26.11.2020;103106;10928;1849;771;NaN;NaN;1536
27.11.2020;104633;9892;1527;798;NaN;NaN;1513
28.11.2020;105733;7536;1100;816;NaN;NaN;1541
29.11.2020;105929;1063;196;839;NaN;NaN;1572
30.11.2020;107183;7991;1254;868;NaN;NaN;1575
01.12.2020;109226;11136;2043;898;NaN;NaN;1577
02.12.2020;111208;10264;1982;930;NaN;NaN;1569
03.12.2020;113392;11221;2184;957;NaN;NaN;1606
04.12.2020;115462;12670;2070;981;NaN;NaN;1579
05.12.2020;116731;7195;1269;996;NaN;NaN;1626
06.12.2020;117283;3415;552;1018;NaN;NaN;1677
07.12.2020;119232;10245;1949;1046;NaN;NaN;1712
08.12.2020;121796;13277;2564;1084;NaN;NaN;1775
09.12.2020;124921;15130;3125;1104;NaN;NaN;1773
10.12.2020;127087;10938;2166;1122;NaN;NaN;1822
11.12.2020;130794;17956;3707;1148;NaN;NaN;1784
12.12.2020;132984;9991;2190;1175;NaN;NaN;1848
13.12.2020;133489;2899;505;1205;NaN;NaN;1918
14.12.2020;135523;10901;2034;1251;NaN;NaN;1912
15.12.2020;139088;16717;3565;1309;NaN;NaN;1911
16.12.2020;142133;14921;3045;1378;NaN;NaN;1966
17.12.2020;146124;18022;3991;1440;NaN;NaN;1978
18.12.2020;149275;16197;3151;1510;NaN;NaN;1970
19.12.2020;151336;9821;2061;1555;NaN;NaN;2025
20.12.2020;152555;6291;1219;1618;NaN;NaN;2091
21.12.2020;155218;13289;2663;1618;NaN;NaN;2099
22.12.2020;158905;18144;3687;1686;NaN;NaN;2080
23.12.2020;161562;14238;2657;1732;NaN;NaN;1939
24.12.2020;165608;18443;4046;1732;NaN;NaN;1949
25.12.2020;166649;4249;1041;1732;NaN;NaN;2039
26.12.2020;167523;3550;874;1773;NaN;NaN;2123
27.12.2020;168092;2540;569;1879;NaN;NaN;2240
28.12.2020;170187;9330;2095;1983;NaN;NaN;2241
29.12.2020;173228;11414;3041;2065;NaN;NaN;2277
30.12.2020;179543;21978;6315;2138;NaN;NaN;2248
31.12.2020;184508;16479;4965;2250;NaN;NaN;2166
01.01.2021;186244;4954;1736;2250;9330;590;2217
02.01.2021;187463;4288;1219;2317;6178;526;2332
03.01.2021;188099;3111;636;2521;3402;272;2439
04.01.2021;191088;12396;2989;2603;74521;7358;2432
05.01.2021;196047;17822;4959;2657;73076;6121;2412
06.01.2021;198184;8257;2137;2717;15691;1028;2537
07.01.2021;201164;10657;2980;2788;75001;5311;2540
08.01.2021;205236;16368;4072;2836;76476;3931;2575
09.01.2021;208209;12844;2973;2918;60528;1887;2682
10.01.2021;209069;4328;860;3007;28529;925;2740
11.01.2021;211479;12119;2410;3102;74449;3294;2748
12.01.2021;215055;15440;3576;3163;63541;3029;2654
13.01.2021;217978;12342;2923;3260;57063;2635;2687
14.01.2021;220707;11875;2729;3362;50671;2293;2657
15.01.2021;222752;11392;2045;3417;64145;2176;2611
16.01.2021;223325;2850;573;3474;49199;1128;2717
17.01.2021;224385;6252;1060;3526;41414;1634;2839
18.01.2021;226294;9817;1909;3637;74647;3385;2723
19.01.2021;228778;12124;2484;3737;91100;2670;2699
20.01.2021;231242;12668;2464;3801;110376;2328;2659
21.01.2021;233027;11018;1785;3894;217375;3103;2645
22.01.2021;234571;20264;1544;3965;248840;2848;2604
23.01.2021;236476;16498;1905;4068;781689;6515;2711
24.01.2021;237027;3806;551;4068;407052;3793;2827
25.01.2021;238617;10950;1590;4260;225531;2738;2822
26.01.2021;241392;14015;2775;4361;181015;2667;2830
27.01.2021;243427;9811;2035;4411;73265;1727;2809
28.01.2021;246008;11293;2581;4495;72934;2090;2856
29.01.2021;248190;11207;2182;4565;154371;2716;2815
30.01.2021;249913;8201;1723;4642;486302;4819;2904
31.01.2021;250357;2290;444;4711;256495;2865;3000
01.02.2021;252094;9504;1737;4784;192925;3500;3013
02.02.2021;254826;12313;2732;4889;150566;3749;2988
03.02.2021;256903;11223;2077;4976;82023;2573;2994
04.02.2021;259533;11282;2630;5050;105633;2923;3006
05.02.2021;261774;13677;2241;5135;221348;3048;2988
06.02.2021;263326;8282;1552;5199;661016;5488;3027
07.02.2021;264083;3784;757;5271;388616;3315;3142
08.02.2021;265807;9410;1724;5382;286154;3631;3178
09.02.2021;268986;13980;3179;5502;178925;3037;3184
10.02.2021;271473;10932;2487;5629;134000;2983;3206
11.02.2021;273904;10402;2431;5733;136303;2475;3290
12.02.2021;276234;13991;2330;5812;293836;3343;3274
13.02.2021;277682;7597;1448;5885;675792;4833;3427
14.02.2021;278254;2775;572;5952;345903;2919;3501
15.02.2021;279696;8237;1442;6063;234188;3283;3539
16.02.2021;282864;13050;3168;6168;161088;2761;3596
17.02.2021;285419;10848;2555;6271;128034;2795;3645
18.02.2021;287752;10283;2333;6350;150261;2797;3724
19.02.2021;290457;14300;2705;6424;307950;3574;3566
20.02.2021;292143;8277;1686;6505;725581;5296;3563
21.02.2021;292792;3059;649;6577;316624;2889;3735
22.02.2021;294790;9869;1998;6671;222343;3437;3771
23.02.2021;298337;15160;3547;6775;160796;2885;3759
24.02.2021;300775;10958;2438;6859;138338;3011;3845
25.02.2021;303420;12065;2645;6966;159469;2610;3861
26.02.2021;306268;15731;2848;7075;321004;3333;3842
27.02.2021;308083;8839;1815;7189;748261;5132;3917
28.02.2021;308925;3565;842;7270;333278;2622;3957
01.03.2021;311002;10854;2077;7388;228978;3185;3897
02.03.2021;314359;15111;3357;7489;189558;2746;3829
03.03.2021;317159;12624;2800;7560;168772;2490;3771
04.03.2021;319582;11749;2423;7665;185188;2400;3810
05.03.2021;322104;15721;2522;7739;339434;2841;3654
06.03.2021;323390;7611;1286;7836;769649;3924;3730
07.03.2021;323786;2747;396;7921;346318;2298;3862
08.03.2021;325993;11222;2207;8037;235639;2611;3761
09.03.2021;329593;16361;3600;8146;180824;2044;3681
10.03.2021;331571;10643;1978;8244;160475;1976;3640
11.03.2021;333872;11176;2301;8346;178899;1861;3620
12.03.2021;336235;14496;2363;8440;351095;2389;3492
13.03.2021;337503;7149;1268;8528;775230;3435;3565
14.03.2021;337960;2780;457;8605;350347;1845;3711
15.03.2021;339538;9820;1578;8669;223078;2233;3608
16.03.2021;342430;14601;2892;8738;177043;1829;3549
17.03.2021;344470;11088;2040;8814;157668;1551;3526
18.03.2021;346149;9672;1679;8894;181075;1615;3475
19.03.2021;347944;13293;1795;8978;346016;2034;3272
20.03.2021;348869;5896;925;9044;748433;2691;3366
21.03.2021;349270;3861;401;9104;357396;1565;3459
22.03.2021;350551;10875;1281;9190;222940;1771;3395
23.03.2021;352528;11378;1977;9261;172550;1516;3373
24.03.2021;354182;10111;1654;9313;151275;1407;3335
25.03.2021;355454;9079;1272;9373;183536;1364;3334
26.03.2021;356985;12389;1531;9426;351959;1664;3242
27.03.2021;357910;7087;925;9496;731468;2203;3275
28.03.2021;358115;2298;205;9542;353571;1305;3341
29.03.2021;359330;8705;1215;9624;220268;1479;2943
30.03.2021;361185;11407;1855;9719;178272;1210;2881
31.03.2021;362489;8654;1304;9790;222306;1242;2691
01.04.2021;363874;12869;1385;9877;309627;1243;2493
02.04.2021;364622;6296;748;9948;166076;623;2554
03.04.2021;365242;4421;620;10025;753791;1956;2592
04.04.2021;365400;1831;158;10094;166408;549;2653
05.04.2021;365733;3145;333;10156;107978;639;2720
06.04.2021;366894;10707;1161;10243;300863;1479;2633
07.04.2021;368470;11881;1576;10322;200833;968;2469
08.04.2021;369393;9003;923;10411;150086;806;2365
09.04.2021;370473;11753;1080;10487;273279;937;2216
10.04.2021;371062;7470;589;10565;723339;1392;2258
11.04.2021;371168;1502;106;10630;353975;735;2298
12.04.2021;372038;8275;870;10716;225128;914;2180
13.04.2021;373107;8593;1069;10798;175109;693;2091
14.04.2021;373950;7312;843;10877;171775;680;1972
15.04.2021;374586;7662;636;10970;158575;674;1889
16.04.2021;375336;13377;750;11043;306114;836;1762
17.04.2021;375974;17057;638;11106;709210;1007;1795
18.04.2021;376067;1434;93;11172;365105;635;1826
19.04.2021;376709;7959;642;11244;225645;828;1716
20.04.2021;377473;7429;764;11304;177050;647;1614
21.04.2021;378150;6796;677;11357;149979;658;1555
22.04.2021;378635;6563;485;11405;149324;563;1508
23.04.2021;379476;14312;841;11458;309113;695;1432
24.04.2021;379911;30594;435;11495;674342;934;1472
25.04.2021;380010;10622;99;11531;344745;593;1498
26.04.2021;380498;8285;488;11572;202735;702;1403
27.04.2021;381180;7508;682;11611;149736;510;1356
28.04.2021;381744;6557;564;11647;139370;502;1290
29.04.2021;382211;9012;467;11684;153619;536;1258
30.04.2021;382720;8431;509;11732;299017;646;1179
01.05.2021;383098;34967;378;11766;440513;638;1198
02.05.2021;383228;12176;130;11807;266819;497;1224
03.05.2021;383609;7225;381;11855;138317;549;1175
04.05.2021;384317;8020;708;11886;107850;382;1129
05.05.2021;384660;6268;343;11920;90698;372;1070
06.05.2021;385022;6995;362;11946;102749;389;1015
07.05.2021;385395;12132;373;11990;178970;459;979
08.05.2021;385475;3666;80;12019;175758;272;1000
09.05.2021;385786;5418;311;12051;171483;400;1030
10.05.2021;386136;7995;350;12077;122926;434;948
11.05.2021;386540;6776;404;12096;87475;269;889
12.05.2021;386868;4968;328;12135;79516;279;849
13.05.2021;387162;7092;294;12168;83682;266;804
14.05.2021;387420;6728;258;12203;145560;353;752
15.05.2021;387523;2738;103;12224;167502;272;760
16.05.2021;387659;3154;136;12238;121829;250;778
17.05.2021;387892;7276;233;12248;89496;318;740
18.05.2021;388138;5836;246;12262;73950;226;695
19.05.2021;388391;5597;253;12272;68550;202;630
20.05.2021;388529;4004;138;12280;70769;172;603
21.05.2021;388719;5671;190;12286;107096;208;559
22.05.2021;388835;4122;116;12292;104394;192;558
23.05.2021;388854;1167;19;12296;84541;189;563
24.05.2021;388986;6612;132;12301;86970;264;516
25.05.2021;389176;6155;190;12312;67176;207;476
26.05.2021;389344;4977;168;12320;61791;142;446
27.05.2021;389440;4182;96;12333;60204;157;428
28.05.2021;389588;5589;148;12335;91773;170;376
29.05.2021;389690;2995;102;12339;87487;120;385
30.05.2021;389721;1309;31;12343;74598;126;379
31.05.2021;389866;7086;145;12353;70392;210;355
01.06.2021;389990;5256;124;12366;52785;134;343
02.06.2021;390129;5266;139;12375;50891;119;321
03.06.2021;390223;5340;94;12382;50485;133;317
04.06.2021;390340;5548;117;12395;79413;135;284
05.06.2021;390436;2780;96;12404;71511;74;298
06.06.2021;390451;981;15;12414;59847;87;306
07.06.2021;390546;5776;95;12423;58627;148;287
08.06.2021;390693;5937;147;12430;45323;94;266
09.06.2021;390809;4518;116;12433;43806;50;253
10.06.2021;390893;4302;84;12433;46683;72;241
11.06.2021;390984;5863;91;12436;73943;84;232
12.06.2021;391026;2516;42;12439;61930;57;242
13.06.2021;391038;1093;12;12441;51057;57;256
14.06.2021;391087;6014;49;12446;52641;78;233
15.06.2021;391149;4234;62;12456;41864;47;214
16.06.2021;391210;4372;61;12464;41165;39;207
17.06.2021;391248;3794;38;12478;43642;43;199
18.06.2021;391297;5671;49;12486;67037;54;197
19.06.2021;391325;2537;28;12492;52309;23;203
20.06.2021;391326;896;1;12496;40050;41;205
21.06.2021;391385;6071;59;12502;46053;59;184
22.06.2021;391420;4377;35;12502;36800;30;185
23.06.2021;391456;4208;36;12502;37459;31;182
24.06.2021;391490;3359;34;12505;37334;36;171
25.06.2021;391531;5685;41;12505;55285;34;160
26.06.2021;391551;2553;20;12505;42893;33;171
27.06.2021;391566;804;15;12509;33607;22;172
28.06.2021;391609;5588;43;12510;41538;41;161
29.06.2021;391642;5987;33;12510;36942;24;159
30.06.2021;391659;5384;17;12511;66737;38;146
01.07.2021;391676;5442;17;12511;8473;11;135
02.07.2021;391696;8272;20;12513;14306;13;128
03.07.2021;391717;4675;21;12513;9182;9;125
04.07.2021;391720;1187;3;12513;6986;9;126
05.07.2021;391735;2889;15;12514;6658;10;120
06.07.2021;391780;5637;45;12516;13129;12;106
07.07.2021;391813;5245;33;12516;10985;16;101
08.07.2021;391852;5671;39;12517;10039;11;102
09.07.2021;391893;8903;41;12519;14593;19;92
10.07.2021;391918;4699;25;12519;8492;9;97
11.07.2021;391925;1032;7;12521;6800;8;98
12.07.2021;391953;6528;28;12522;10624;14;88
13.07.2021;391971;4697;18;12523;8322;14;85
14.07.2021;392000;5909;29;12524;7959;12;82
15.07.2021;392034;6155;34;12524;9364;9;77
16.07.2021;392071;9384;37;12524;11718;11;78
17.07.2021;392100;6275;29;12524;7979;8;80
18.07.2021;392104;1168;4;12527;5864;7;81
19.07.2021;392139;7892;35;12531;10783;17;79
20.07.2021;392185;6603;46;12534;7958;6;79
21.07.2021;392219;6779;34;12534;7627;16;79
22.07.2021;392259;7466;40;12534;8799;27;75
23.07.2021;392302;10540;43;12534;11194;10;77
24.07.2021;392348;5834;46;12534;7507;12;80
25.07.2021;392355;1432;7;12534;5872;12;81
26.07.2021;392406;8694;51;12534;9898;23;82
27.07.2021;392488;7399;82;12534;8062;18;81
28.07.2021;392537;6965;49;12536;6955;21;80
29.07.2021;392581;7288;44;12536;8744;16;81
30.07.2021;392647;10239;66;12540;11316;20;87
31.07.2021;392704;5864;57;12540;7276;11;88
01.08.2021;392710;1205;6;12540;5275;16;89
02.08.2021;392751;7703;41;12541;9627;33;86
03.08.2021;392845;6918;94;12541;7889;14;84
04.08.2021;392898;5837;53;12541;7382;13;85
05.08.2021;392963;7265;65;12541;8138;21;80
06.08.2021;393007;10312;44;12541;10625;23;89
07.08.2021;393040;4290;33;12541;7077;21;92
08.08.2021;393059;1881;19;12541;5293;14;94
09.08.2021;393160;8193;101;12543;10457;19;88
10.08.2021;393228;5739;68;12544;7942;29;89
11.08.2021;393302;6658;74;12544;7815;22;83
12.08.2021;393361;6098;59;12544;8900;23;85
13.08.2021;393455;9202;94;12544;11793;34;87
14.08.2021;393529;4692;74;12544;8309;21;96
15.08.2021;393536;1309;7;12544;5886;21;104
16.08.2021;393610;7257;74;12546;13407;47;102
17.08.2021;393722;6472;112;12547;9383;25;105
18.08.2021;393799;6132;77;12547;10452;54;85
19.08.2021;393883;5816;84;12547;11987;38;88
20.08.2021;393977;7484;94;12547;17032;51;65
21.08.2021;394082;4842;105;12547;10354;25;70
22.08.2021;394093;943;11;12547;8193;40;74
23.08.2021;394204;7578;111;12547;13797;52;69
24.08.2021;394285;5380;81;12547;11414;29;71
25.08.2021;394446;5931;161;12547;10793;48;72
26.08.2021;394535;5017;89;12548;12590;64;81
27.08.2021;394657;6542;122;12548;16870;66;83
28.08.2021;394742;2832;85;12548;10542;51;87
29.08.2021;394791;1485;49;12548;4818;31;97
30.08.2021;394923;6779;132;12548;14850;95;100
31.08.2021;395122;6546;199;12548;16775;109;107
01.09.2021;395300;3468;178;12548;4055;54;116
02.09.2021;395532;7555;232;12549;14247;154;126
03.09.2021;395861;11605;329;12549;17444;151;142
04.09.2021;396080;21034;219;12549;10963;72;153
05.09.2021;396181;13726;101;12551;8581;88;165
06.09.2021;396487;8113;306;12552;18342;199;175
07.09.2021;396904;9450;417;12553;15509;175;180
08.09.2021;397382;34226;478;12556;15612;179;189
09.09.2021;397759;6552;377;12558;18124;185;205
10.09.2021;398278;8073;519;12558;21869;184;228
11.09.2021;398690;4506;412;12558;12442;112;245
12.09.2021;398744;1439;54;12560;10983;149;269
13.09.2021;399218;7651;474;12562;25174;294;302
14.09.2021;399978;8928;760;12566;22235;262;306
15.09.2021;400348;4067;370;12566;6257;92;335
16.09.2021;401250;8999;902;12569;24757;397;330
17.09.2021;402066;10084;816;12569;27372;284;348
18.09.2021;402808;6785;742;12569;14339;179;374
19.09.2021;402922;1981;114;12573;14343;197;397
20.09.2021;403802;10475;880;12580;29458;375;406
21.09.2021;404982;10898;1180;12589;25994;323;427
22.09.2021;405931;9925;949;12592;23753;321;458
23.09.2021;406760;8010;829;12594;24351;297;470
24.09.2021;407799;10449;1039;12596;32773;358;458
25.09.2021;408488;6584;689;12596;15456;226;487
26.09.2021;408609;1518;121;12596;15226;280;521
27.09.2021;409621;11086;1012;12606;33867;598;547
28.09.2021;411080;11698;1459;12620;27274;404;571
29.09.2021;412507;11174;1427;12637;23464;356;591
30.09.2021;413723;9308;1216;12649;26638;398;609
01.10.2021;415016;11203;1293;12660;29588;436;603
02.10.2021;415993;7308;977;12668;15135;277;632
03.10.2021;416260;2223;267;12676;15230;328;675
04.10.2021;417502;11509;1242;12690;33139;648;724
05.10.2021;419473;14117;1971;12697;29191;522;763
06.10.2021;420924;11115;1451;12705;27387;490;791
07.10.2021;422614;11034;1690;12720;26381;478;805
08.10.2021;424407;12269;1793;12729;29766;494;811
09.10.2021;425569;7508;1162;12731;13424;251;849
10.10.2021;425971;2819;402;12735;14955;360;890
11.10.2021;427480;11872;1509;12752;34417;717;920
12.10.2021;429886;13927;2406;12772;28481;559;939
13.10.2021;431757;12531;1871;12791;25636;516;977
14.10.2021;433708;11518;1951;12816;26302;479;996
15.10.2021;435649;11618;1941;12833;29346;585;970
16.10.2021;437384;8996;1735;12846;14996;437;1037
17.10.2021;437937;3162;553;12854;18154;641;1083
18.10.2021;439734;12160;1797;12864;37605;1206;1057
19.10.2021;443214;16199;3480;12872;30038;824;1068
20.10.2021;446305;14273;3091;12883;27535;911;1118
21.10.2021;449775;14282;3470;12886;29657;953;1167
22.10.2021;453231;15276;3456;12895;29906;964;1167
23.10.2021;456438;12572;3207;12903;15640;714;1251
24.10.2021;457431;3854;993;12917;16807;878;1328
25.10.2021;460281;15341;2850;12935;40891;1690;1378
26.10.2021;465027;19658;4746;12957;31973;1339;1476
27.10.2021;470008;18507;4981;12977;30462;1314;1524
28.10.2021;474595;17338;4587;13000;32393;1547;1726
29.10.2021;479737;17638;5142;13018;30375;1544;1894
30.10.2021;483773;14382;4036;13034;15029;1044;1650
31.10.2021;485629;6733;1856;13045;14615;1283;1753
01.11.2021;487916;9682;2287;13076;11082;990;1883
02.11.2021;493277;19150;5361;13112;46734;2950;1953
03.11.2021;499990;21705;6713;13146;36729;2185;2026
04.11.2021;506795;20519;6805;13166;34329;1947;2126
05.11.2021;513297;21305;6502;13205;34408;2156;2164
06.11.2021;518635;16826;5338;13229;16456;1437;2295
07.11.2021;521650;8986;3015;13269;21881;1892;2462
08.11.2021;526608;19537;4958;13314;47869;3341;2543
09.11.2021;533663;24791;7055;13367;37093;2388;2591
10.11.2021;540209;22967;6546;13405;38511;2589;2657
11.11.2021;547052;23203;6843;13446;39211;2616;2731
12.11.2021;554296;26314;7244;13485;38130;2680;2712
13.11.2021;560100;17941;5804;13537;17932;1908;2825
14.11.2021;563445;10999;3345;13598;26287;2408;2991
15.11.2021;569866;24291;6421;13644;56741;4171;2983
16.11.2021;578208;26545;8342;13687;41736;3035;2997
17.11.2021;585824;22206;7616;13725;15356;1597;3081
18.11.2021;593242;23440;7418;13781;51753;3970;3058
19.11.2021;602413;27267;9171;13818;43919;3533;2981
20.11.2021;610140;22096;7727;13861;20417;2110;3114
21.11.2021;614684;13025;4544;13919;34304;2765;3226
22.11.2021;621423;23107;6739;13985;65131;4221;3267
23.11.2021;631738;30175;10315;14056;46514;2942;3268
24.11.2021;641903;30620;10165;14107;47310;3008;3238
25.11.2021;651234;26482;9331;14177;42428;2786;3246
26.11.2021;660386;26658;9152;14228;44556;2673;3196
27.11.2021;667961;21477;7575;14274;24338;1963;3333
28.11.2021;673015;13582;5054;14341;47575;2213;3534
29.11.2021;680084;22057;7069;14418;84146;3749;3503
30.11.2021;689618;28373;9534;14503;50370;2365;3517
01.12.2021;697471;22945;7853;14606;43931;2122;3500
02.12.2021;712749;42403;15278;14696;38038;1977;3529
03.12.2021;722108;26037;9359;14771;40867;1978;3370
04.12.2021;729475;19335;7367;14826;19993;1241;3474
05.12.2021;732495;7971;3020;14900;34733;1398;3566
06.12.2021;739544;24952;7049;15004;67946;2409;3526
07.12.2021;748969;26081;9425;15095;43665;1663;3442
08.12.2021;757492;22238;8523;15179;37084;1507;3438
09.12.2021;764112;19585;6620;15236;35890;1316;3345
10.12.2021;769944;18382;5832;15304;36202;1346;3232
11.12.2021;774857;14455;4913;15354;16354;916;3294
12.12.2021;777227;6963;2370;15415;30684;1073;3338
13.12.2021;781989;18079;4762;15516;63097;1820;3221
14.12.2021;788772;20985;6783;15621;38242;1189;3111
15.12.2021;794166;17319;5394;15730;37278;1063;3064
16.12.2021;798663;15730;4497;15843;35266;1097;2982
17.12.2021;802684;14252;4021;15931;34295;1016;2817
18.12.2021;806115;11383;3431;16014;14322;684;2880
19.12.2021;807339;4713;1224;16068;25499;813;2936
20.12.2021;811022;14742;3683;16129;53067;1254;2810
21.12.2021;816102;17059;5080;16198;34226;880;2690
22.12.2021;819493;13531;3391;16239;27352;788;2544
23.12.2021;824172;17934;4679;16290;26492;854;2273
24.12.2021;825246;4201;1074;16336;6184;252;2236
25.12.2021;825629;2376;383;16398;4876;314;2299
26.12.2021;826850;4995;1221;16445;12926;544;2362
27.12.2021;831093;16258;4243;16486;37773;1172;2371
28.12.2021;835548;15501;4455;16554;26588;779;2277
29.12.2021;838738;11697;3190;16598;28372;653;2255
30.12.2021;841733;11745;2995;16635;24120;783;2196
31.12.2021;844393;10494;2660;16665;16904;604;2005
01.01.2022;844609;1464;216;16701;3411;125;2038
02.01.2022;845937;5729;1328;16740;23654;637;2087
03.01.2022;849516;15324;3579;16788;53327;934;2077
04.01.2022;853416;13498;3900;16824;32954;637;1987
05.01.2022;856685;12432;3269;16871;30082;606;1922
06.01.2022;857801;5070;1116;16896;10097;308;1942
07.01.2022;860832;13258;3031;16933;29135;720;1822
08.01.2022;862962;9378;2130;16962;13487;360;1837
09.01.2022;863817;4490;855;16989;28389;449;1863
10.01.2022;866412;13746;2595;17039;57271;871;1813
11.01.2022;869663;13306;3251;17081;34108;554;1711
12.01.2022;872511;11680;2848;17128;29702;548;1653
13.01.2022;874399;8495;1888;17188;28695;575;1594
14.01.2022;876448;9013;2049;17252;26613;611;1499
15.01.2022;879656;12981;3208;17300;12585;413;1502
16.01.2022;880671;4940;1015;17352;24438;689;1498
17.01.2022;884604;15955;3933;17398;58142;1306;1433
18.01.2022;890787;18024;6183;17459;34740;1065;1374
19.01.2022;896798;17803;6011;17520;34732;1173;1333
20.01.2022;903833;19274;7035;17577;31729;1164;1288
21.01.2022;910311;17756;6478;17612;32478;1390;1212
22.01.2022;917918;20681;7607;17643;15789;1066;1241
23.01.2022;921421;9684;3503;17675;28055;1633;1274
24.01.2022;929541;23507;8120;17698;63399;2860;1322
25.01.2022;943381;32328;13840;17725;42001;2732;1316
26.01.2022;957633;32227;14252;17755;39907;2785;1344
27.01.2022;971945;31662;14312;17779;37899;2824;1343
28.01.2022;987063;33668;15118;17796;37634;3188;1338
29.01.2022;1000345;26643;13282;17817;17829;2218;1389
30.01.2022;1008141;15798;7796;17830;29247;3072;1448
31.01.2022;1022784;31595;14643;17850;71830;5967;1486
01.02.2022;1043008;38506;20224;17877;43821;4359;1575
02.02.2022;1062396;35766;19388;17896;44154;4378;1613
03.02.2022;1081929;37175;19533;17921;42184;3907;1682
04.02.2022;1101506;37141;19577;17938;36680;3977;1730
05.02.2022;1117055;28424;15549;17958;17105;2609;1820
06.02.2022;1127020;17497;9965;17973;25227;3737;1950
07.02.2022;1146260;36874;19240;17995;56892;6452;2071
08.02.2022;1166842;36766;20582;18014;41030;5006;2171
09.02.2022;1187002;35106;20160;18040;39170;4661;2213
10.02.2022;1207053;34691;20051;18064;35987;4227;2315
11.02.2022;1226925;35680;19872;18081;32732;4035;2271
12.02.2022;1241121;24925;14196;18095;14710;2634;2411
13.02.2022;1249673;15645;8552;18105;22596;3821;2552
14.02.2022;1268569;34073;18896;18123;52138;6379;2642
15.02.2022;1288524;34570;19955;18145;37640;4808;2720
16.02.2022;1306967;32730;18443;18179;32857;4049;2701
17.02.2022;1324503;31179;17536;18201;32214;3618;2751
18.02.2022;1342436;32332;17933;18225;30028;3722;2688
19.02.2022;1354348;22166;11912;18240;12568;2135;2812
20.02.2022;1361039;12131;6691;18252;17164;2877;2912
21.02.2022;1374459;25569;13420;18279;45533;5383;2900
22.02.2022;1393534;33688;19075;18314;31587;3566;2909
23.02.2022;1408717;27105;15183;18338;28260;3190;2884
24.02.2022;1421546;23849;12829;18375;28272;2938;2862
25.02.2022;1433930;23621;12384;18413;23096;2834;2663
26.02.2022;1442194;15299;8264;18453;9373;1506;2752
27.02.2022;1446922;8825;4728;18485;12837;2099;2852
28.02.2022;1458129;21767;11207;18530;36620;4229;2774
01.03.2022;1470892;22385;12763;18567;25501;2844;2699
02.03.2022;1482354;20128;11462;18611;25021;2643;2706
03.03.2022;1493383;19118;11029;18631;23580;2549;2697
04.03.2022;1503308;18787;9925;18663;19854;2370;2558
05.03.2022;1509494;11580;6186;18687;8679;1334;2601
06.03.2022;1512913;6564;3419;18704;11962;1928;2656
07.03.2022;1522732;16760;9819;18750;32422;3764;2617
08.03.2022;1534444;23090;11712;18786;23410;2570;2576
09.03.2022;1546510;20595;12066;18817;19606;2289;2540
10.03.2022;1556433;17210;9923;18847;19867;2215;2541
11.03.2022;1565484;16319;9051;18881;18786;2327;2419
12.03.2022;1573111;13475;7627;18918;6883;1009;2507
13.03.2022;1576486;6307;3375;18950;8758;1423;2596
14.03.2022;1586140;19417;9654;18979;25444;2792;2580
15.03.2022;1597668;20047;11528;19009;19191;1952;2556
16.03.2022;1608668;19359;11000;19040;17545;1711;2500
17.03.2022;1618450;16757;9782;19073;18277;1645;2524
18.03.2022;1627836;17458;9386;19093;14932;1619;2368
19.03.2022;1634669;12909;6833;19110;6210;936;2433
20.03.2022;1637509;5479;2840;19133;8068;1260;2507
21.03.2022;1646446;18522;8937;19161;22858;2413;2460
22.03.2022;1656833;19512;10387;19185;17118;1553;2368
23.03.2022;1666482;18588;9649;19209;15027;1492;2320
24.03.2022;1674586;15364;8104;19229;15265;1362;2276
25.03.2022;1681865;14726;7279;19251;12718;1393;2152
26.03.2022;1687425;11475;5560;19270;4782;618;2229
27.03.2022;1690203;5690;2778;19292;6829;960;2276
28.03.2022;1696760;15288;6557;19311;21485;1966;2209
29.03.2022;1703550;14738;6790;19334;13928;1303;2140
30.03.2022;1710884;15828;7334;19352;13914;1085;2092
31.03.2022;1716638;11822;5754;19368;13698;1012;2065
01.04.2022;1722229;13002;5591;19392;11321;932;1942
02.04.2022;1725487;8024;3258;19417;3875;387;2036
03.04.2022;1726952;4041;1465;19440;5162;565;2088
04.04.2022;1732096;13572;5144;19462;17003;1292;1987
05.04.2022;1737315;12724;5219;19482;11316;799;1842
06.04.2022;1741695;10952;4380;19500;10393;737;1783
07.04.2022;1745268;8910;3573;19523;11250;699;1705
08.04.2022;1748373;8929;3105;19549;9244;610;1579
09.04.2022;1750541;6370;2168;19573;3256;260;1602
10.04.2022;1751565;2954;1024;19595;4163;313;1655
11.04.2022;1754579;10426;3014;19618;15087;778;1562
12.04.2022;1757117;7983;2538;19643;10127;515;1423
13.04.2022;1759793;8116;2676;19670;9169;429;1329
14.04.2022;1762270;7148;2477;19697;9520;410;1159
15.04.2022;1763197;2548;927;19721;2700;91;1146
16.04.2022;1763995;3262;798;19741;2986;260;1156
17.04.2022;1765258;3604;1263;19759;2109;111;1171
18.04.2022;1765962;3331;704;19773;3239;201;1216
19.04.2022;1768045;8971;2083;19790;15184;674;1145
20.04.2022;1770460;8416;2415;19803;10481;455;1096
21.04.2022;1772201;5861;1741;19817;9312;361;1061
22.04.2022;1773653;6108;1452;19829;7404;313;968
23.04.2022;1774808;4910;1155;19839;2698;130;973
24.04.2022;1775178;1888;370;19852;2768;154;992
25.04.2022;1776576;7671;1398;19862;11051;433;928
26.04.2022;1777971;6785;1395;19873;7851;253;895
27.04.2022;1779096;5489;1125;19879;7818;239;850
28.04.2022;1780022;4524;926;19891;7341;237;793
29.04.2022;1780955;4666;933;19905;6351;196;691
30.04.2022;1781692;4265;737;19917;2275;96;665
01.05.2022;1781842;1132;150;19931;1768;87;689
02.05.2022;1782607;5444;765;19938;8333;341;611
03.05.2022;1783353;4240;746;19943;4680;176;550
04.05.2022;1783906;3051;553;19952;4258;239;507
05.05.2022;1784410;2436;504;19961;3979;137;468
06.05.2022;1784899;2718;489;19968;3433;159;419
07.05.2022;1785133;1601;234;19978;1304;73;423
08.05.2022;1785186;564;53;19984;1180;63;427
09.05.2022;1785535;3250;349;19994;4805;262;411
10.05.2022;1785978;2511;443;20002;3400;166;373
11.05.2022;1786328;2127;350;20011;3511;138;348
12.05.2022;1786579;1527;251;20018;3885;125;335
13.05.2022;1786914;2132;335;20028;3085;112;294
14.05.2022;1787093;1207;179;20041;1241;58;301
15.05.2022;1787142;439;49;20050;1059;56;301
16.05.2022;1787404;2275;262;20062;3986;173;291
17.05.2022;1787657;1933;253;20069;2736;80;270
18.05.2022;1787919;1746;262;20073;2414;84;265
19.05.2022;1788133;1524;214;20075;2907;55;255
20.05.2022;1788334;1684;201;20077;2330;77;240
21.05.2022;1788452;890;118;20080;735;24;238
22.05.2022;1788490;404;38;20081;847;30;246
23.05.2022;1788686;1933;196;20083;4117;134;245
24.05.2022;1788865;1423;179;20088;2437;59;236
25.05.2022;1789037;1289;172;20091;2106;63;225
26.05.2022;1789201;1194;164;20093;2531;68;212
27.05.2022;1789351;1290;150;20096;1999;64;199
28.05.2022;1789437;691;86;20097;524;14;195
29.05.2022;1789465;296;28;20098;689;17;198
30.05.2022;1789610;1688;145;20100;3769;88;199
31.05.2022;1789752;1266;142;20100;2258;51;181
01.06.2022;1789900;1088;148;20101;2279;66;176
02.06.2022;1790017;939;117;20103;2591;58;176
03.06.2022;1790150;1020;133;20104;1662;62;160
04.06.2022;1790228;591;78;20104;491;15;156
05.06.2022;1790256;246;28;20104;854;42;163
06.06.2022;1790423;1380;167;20105;3606;95;167
07.06.2022;1790597;1013;174;20107;4436;48;154
08.06.2022;1790791;1049;194;20109;1831;65;159
09.06.2022;1790959;858;168;20112;1948;39;155
10.06.2022;1791124;1084;165;20114;1341;46;145
11.06.2022;1791192;524;68;20116;535;18;152
12.06.2022;1791220;244;28;20116;746;43;158
13.06.2022;1791426;1265;206;20119;2304;106;148
14.06.2022;1791639;1032;213;20119;1917;55;146
15.06.2022;1791816;918;177;20122;1397;60;165
16.06.2022;1791987;779;171;20126;1808;50;169
17.06.2022;1792203;1078;216;20130;1159;57;159
18.06.2022;1792317;510;114;20133;413;22;168
19.06.2022;1792381;255;64;20137;634;40;185
20.06.2022;1792700;1430;319;20137;2135;128;189
21.06.2022;1793031;1165;331;20140;1484;86;217
22.06.2022;1793369;1258;338;20142;1471;88;222
23.06.2022;1793688;1009;319;20142;2747;86;239
24.06.2022;1794113;1354;425;20142;1529;110;247
25.06.2022;1794311;612;198;20142;530;39;262
26.06.2022;1794406;330;95;20142;712;57;279
27.06.2022;1794876;1674;470;20144;4112;273;308
28.06.2022;1795398;1305;522;20146;4083;149;314
29.06.2022;1796017;1675;619;20147;1622;134;320
30.06.2022;1796554;1320;537;20147;2467;152;332
01.07.2022;1797131;1468;577;20149;2088;164;317
02.07.2022;1797405;697;274;20151;642;49;328
03.07.2022;1797464;213;59;20151;992;56;350
04.07.2022;1798131;1777;667;20152;3127;272;336
05.07.2022;1798381;618;250;20152;898;92;346
06.07.2022;1799054;1637;673;20154;2202;294;334
07.07.2022;1799763;1594;709;20157;2467;201;334
08.07.2022;1800673;2001;910;20159;1896;228;323
09.07.2022;1801038;908;365;20160;657;80;339
10.07.2022;1801152;309;114;20160;954;112;355
11.07.2022;1801993;2017;841;20163;3636;439;382
12.07.2022;1802866;2122;873;20166;2464;293;365
13.07.2022;1803688;1869;822;20168;2253;290;381
14.07.2022;1804534;1740;846;20169;2710;249;399
15.07.2022;1805619;2511;1085;20171;2646;331;390
16.07.2022;1806090;1083;471;20172;892;118;428
17.07.2022;1806246;368;156;20172;1006;158;478
18.07.2022;1807228;2263;982;20176;4173;617;505
19.07.2022;1808387;2422;1159;20183;2804;368;538
20.07.2022;1809403;2302;1016;20188;2881;344;550
21.07.2022;1810418;2419;1015;20193;3380;372;569
22.07.2022;1811383;2347;965;20195;3114;393;595
23.07.2022;1812050;1375;667;20197;1041;152;646
24.07.2022;1812203;388;153;20198;1247;160;702
25.07.2022;1813388;2615;1185;20201;6283;712;726
26.07.2022;1814507;2196;1119;20206;4477;454;747
27.07.2022;1815107;1395;600;20212;3044;342;764
28.07.2022;1816121;1955;1014;20216;3986;427;743
29.07.2022;1817305;2495;1184;20219;3170;409;719
30.07.2022;1817779;1037;474;20223;1029;112;727
31.07.2022;1817918;374;139;20227;1405;198;755
01.08.2022;1818852;2426;934;20232;5310;597;727
02.08.2022;1819930;2179;1078;20236;4001;394;704
03.08.2022;1820961;2138;1031;20242;3561;363;661
04.08.2022;1821908;1881;947;20248;3781;336;665
05.08.2022;1822841;2189;933;20253;3293;344;592
06.08.2022;1823259;1003;418;20259;1110;99;618
07.08.2022;1823364;326;105;20263;1504;167;656
08.08.2022;1824238;2262;874;20269;5533;595;605
09.08.2022;1825164;2105;926;20274;3319;301;568
10.08.2022;1826017;2078;853;20280;3138;283;553
11.08.2022;1826628;1488;611;20289;3636;253;534
12.08.2022;1827404;1912;776;20296;3087;342;495
13.08.2022;1827711;750;307;20303;1007;72;519
14.08.2022;1827804;316;93;20306;1453;162;545
15.08.2022;1828499;2063;695;20311;4975;577;519
16.08.2022;1829138;1684;639;20317;3183;275;515
17.08.2022;1829709;1502;571;20322;3125;273;515
18.08.2022;1830206;1209;497;20329;3665;286;528
19.08.2022;1830756;1582;550;20331;2668;273;502
20.08.2022;1831052;796;296;20333;922;79;524
21.08.2022;1831135;276;83;20333;1217;114;558
22.08.2022;1831679;1697;544;20338;5247;460;557
23.08.2022;1832225;1440;546;20341;3048;325;519
24.08.2022;1832691;1343;466;20343;3275;326;476
25.08.2022;1833056;1053;365;20346;5380;511;482
26.08.2022;1833519;1344;463;20347;4748;283;445
27.08.2022;1833691;536;172;20348;757;72;447
28.08.2022;1833748;201;57;20349;795;104;489
29.08.2022;1833873;488;125;20349;1391;139;506
30.08.2022;1834215;1186;342;20353;4450;368;460
31.08.2022;1834717;1453;502;20357;2794;257;416
01.09.2022;1834791;311;74;20360;1262;103;425
02.09.2022;1835116;1238;325;20362;2959;266;387
03.09.2022;1835277;592;161;20363;734;63;406
04.09.2022;1835328;219;51;20365;963;82;424
05.09.2022;1835665;1511;337;20369;4435;402;410
06.09.2022;1836074;1407;409;20374;3070;230;401
07.09.2022;1836431;1162;357;20379;2556;199;393
08.09.2022;1836740;1153;309;20386;3620;247;409
09.09.2022;1837073;1271;333;20395;3894;304;383
10.09.2022;1837223;567;150;20402;2004;75;393
11.09.2022;1837272;208;49;20411;1033;107;405
12.09.2022;1837628;1470;356;20417;6055;389;381
13.09.2022;1838046;1230;418;20421;2890;252;381
14.09.2022;1838393;1141;347;20426;2654;261;375
15.09.2022;1838466;308;73;20429;1171;89;393
16.09.2022;1838952;1447;486;20433;3001;355;390
17.09.2022;1839156;662;204;20436;807;99;425
18.09.2022;1839213;248;57;20436;1114;153;462
19.09.2022;1839635;1557;422;20439;5041;567;470
20.09.2022;1840054;1309;419;20439;3575;395;457
21.09.2022;1840519;1328;465;20441;3842;326;464
22.09.2022;1840902;1136;383;20443;3474;320;489
23.09.2022;1841307;1390;405;20446;3088;381;495
24.09.2022;1841502;600;195;20448;920;125;551
25.09.2022;1841580;278;78;20450;1151;157;589
26.09.2022;1842022;1595;442;20453;5770;679;638
27.09.2022;1842619;1611;597;20454;3716;479;647
28.09.2022;1843220;1694;601;20455;3785;440;682
29.09.2022;1843685;1287;465;20457;4861;459;714
30.09.2022;1844129;1498;444;20459;3488;464;687
01.10.2022;1844400;721;271;20461;1011;140;735
02.10.2022;1844453;221;53;20462;1430;174;780
03.10.2022;1844988;1716;535;20465;5662;743;820
04.10.2022;1845590;1634;602;20467;4293;537;812
05.10.2022;1846079;1531;489;20470;4038;428;789
06.10.2022;1846529;1274;450;20472;5092;411;775
07.10.2022;1847006;1491;477;20475;3235;399;778
08.10.2022;1847246;691;240;20478;932;131;778
09.10.2022;1847301;249;55;20481;1210;144;778
10.10.2022;1847728;1581;427;20485;6301;571;NaN
11.10.2022;1848237;1740;509;20491;3650;417;NaN
12.10.2022;1848667;1445;430;20496;2327;229;NaN
13.10.2022;1848977;1086;310;20501;NaN;NaN;NaN
14.10.2022;1849389;1492;412;20507;NaN;NaN;NaN
15.10.2022;1849527;570;138;20511;NaN;NaN;NaN
